"Direccion IP","Pais de la IP","Nombre del Servidor","Hora del Bloqueo",Cantidad
"10.255.27.5","IP Local","USL-SVSFTP-P01","Jan 30, 2025 @ 16:07:48.988",1
"103.180.177.4","IP Local","ARL-PROXY-P01","Jan 30, 2025 @ 15:41:59.405",1
"103.180.177.4","IP Local","ARL-PROXY-P01","Jan 30, 2025 @ 14:50:54.171",1
"103.180.177.4","IP Local","ARL-PROXY-P01","Jan 30, 2025 @ 14:29:32.938",1
"103.180.177.4","IP Local","ARL-PROXY-P01","Jan 30, 2025 @ 14:08:09.576",1
"10.255.65.64","IP Local","USL-SVSFTP-P01","Jan 30, 2025 @ 14:01:42.643",1
"103.180.177.4","IP Local","ARL-PROXY-P01","Jan 30, 2025 @ 13:40:41.894",1
"10.255.71.150","IP Local","ARL-SRTMX-T01","Jan 30, 2025 @ 13:33:34.575",1
"10.255.65.64","IP Local","USL-SVSFTP-P01","Jan 30, 2025 @ 11:56:23.402",1
"10.255.65.64","IP Local","USL-SVSFTP-P01","Jan 30, 2025 @ 11:38:20.127",1
"10.255.71.150","IP Local","ARL-SRTMX-T01","Jan 30, 2025 @ 00:41:03.962",1
"10.255.71.56","IP Local","USL-SVSFTP-P01","Jan 29, 2025 @ 19:40:23.791",1
